date,close
2013-01-18,0.016719158871182582
2013-01-21,0.005956600807569545
2013-01-22,-0.005362135662031586
2013-01-23,0.004066386845854364
2013-01-24,-0.009472820292545259
2013-01-25,-0.004293856184856892
2013-01-28,0.031182072349874135
2013-01-29,0.009054022459707989
2013-01-30,0.004798439386068498
2013-01-31,-0.0006806237935660375
2013-02-01,0.02100577621628008
2013-02-04,0.001716897773501369
2013-02-05,0.008606165143757227
2013-02-06,0.0015008947641859116
2013-02-07,-0.0057532134416967695
2013-02-08,0.004293680499443564
2013-02-18,-0.012356948032268611
2013-02-19,-0.018944499848400076
2013-02-20,0.0063412036743975
2013-02-21,-0.034074090518899536
2013-02-22,-0.005343701518836896
2013-02-25,0.0032195948548101594
2013-02-26,-0.014345709722990319
2013-02-27,0.01055074992502747
2013-02-28,0.030312023062573745
2013-03-01,-0.0016795532164006755
2013-03-04,-0.04613240209229452
2013-03-05,0.03028219914208985
2013-03-06,0.010442998158463057
2013-03-07,-0.011591577994113922
2013-03-08,-0.004791027226777822
2013-03-11,-0.00558511352433666
2013-03-12,-0.014180074603548531
2013-03-13,-0.011003243843935695
2013-03-14,0.002682503194869401
2013-03-15,0.0022097093048489835
2013-03-18,-0.014717288680129004
2013-03-19,0.009035001138865573
2013-03-20,0.03368975486119319
2013-03-21,0.0018466230168918685
2013-03-22,0.001269603325443569
2013-03-25,-0.0019898331366419164
2013-03-26,-0.01456124909111789
2013-03-27,0.003293139939030132
2013-03-28,-0.03260267927989935
2013-03-29,-0.0016884727723761594
2013-04-01,-0.0007574907417801091
2013-04-02,-0.002727429518006974
2013-04-03,-0.001142218236076964
2013-04-08,-0.004529806124298097
2013-04-09,0.006928770780244564
2013-04-10,-0.001654997328705221
2013-04-11,-0.0029895666938934973
2013-04-12,-0.006364311427510261
2013-04-15,-0.010271677544870239
2013-04-16,0.009344145238466384
2013-04-17,-0.00045536044625349437
2013-04-18,0.002595109966768483
2013-04-19,0.02798547578960142
2013-04-22,-0.0012471239191266248
2013-04-23,-0.03208636448055224
2013-04-24,0.01882448039780016
2013-04-25,-0.01109962413547172
2013-04-26,-0.008335089226380155
2013-05-02,0.0009520657374826325
2013-05-03,0.017663819989876206
2013-05-06,0.013265621302012587
2013-05-07,0.0015677083745713194
2013-05-08,0.005083124500976366
2013-05-09,-0.005902941639137738
2013-05-10,0.0051626124005554885
2013-05-13,-0.003963256245965829
2013-05-14,-0.014789965109432868
2013-05-15,0.005450520185774188
2013-05-16,0.018261379456147475
2013-05-17,0.015411072938171788
2013-05-20,0.006774560675912866
2013-05-21,0.002007962875678615
2013-05-22,0.0012161309444136403
2013-05-23,-0.013437584748837605
2013-05-24,0.005567493272935042
2013-05-27,0.000908660380482651
2013-05-28,0.017221946537723243
2013-05-29,-0.000680694005355531
2013-05-30,-0.003118188423346324
2013-05-31,-0.01058717240122764
2013-06-03,-0.001461769546850733
2013-06-04,-0.014197232020041972
2013-06-05,-0.001999477719270115
2013-06-06,-0.012770743671257079
2013-06-07,-0.017279574656623886
2013-06-13,-0.033902808192708855
2013-06-14,0.007012675316883543
2013-06-17,-0.00535011606400293
2013-06-18,0.006198415867944007
2013-06-19,-0.007433622464588896
2013-06-20,-0.033027041436877846
2013-06-21,-0.0017575070967967843
2013-06-24,-0.06307958522303103
2013-06-25,-0.0026667157944187947
2013-06-26,0.0013299960284842705
2013-06-27,-0.0034866024074160507
2013-06-28,0.01846589594305592
2013-07-01,0.005761960157045998
2013-07-02,0.003912674172735553
2013-07-03,-0.008168390354548305
2013-07-04,0.008235662460352788
2013-07-05,0.0021917388995407183
2013-07-08,-0.028394368727126307
2013-07-09,-0.00043907895101713557
2013-07-10,0.02839083170340362
2013-07-11,0.046140634062776575
2013-07-12,-0.022057085387395925
2013-07-15,0.01403288256415447
2013-07-16,0.004572443982143959
2013-07-17,-0.01510451495998455
2013-07-18,-0.016431287343835033
2013-07-19,-0.024428480446081036
2013-07-22,0.005345860268068492
2013-07-23,0.02890304651278952
2013-07-24,-0.007365921689086563
2013-07-25,-0.0050997043327477565
2013-07-26,-0.006109005755961183
2013-07-29,-0.021600622299361105
2013-07-30,0.006167364439767287
2013-07-31,0.001657996062831124
2013-08-01,0.023866631403270278
2013-08-02,0.0008461894751843335
2013-08-05,0.013825725550224988
2013-08-06,0.006719834264570679
2013-08-07,-0.0056765665056408565
2013-08-08,-0.0016837526637494271
2013-08-09,0.004053970958985964
2013-08-12,0.029212470636611032
2013-08-13,0.0026691714942690403
2013-08-14,-0.0042347196140851695
2013-08-15,-0.011706710712279467
2013-08-16,-0.007512125362899136
2013-08-19,0.011843898374230388
2013-08-20,-0.008132347958120012
2013-08-21,-0.001677859604665044
2013-08-22,-0.0020185481181154152
2013-08-23,-0.007378696401366125
2013-08-26,0.02129055108814004
2013-08-27,0.0022520786771818013
2013-08-28,-0.005476572912750832
2013-08-29,-0.0041880363908144425
2013-08-30,-0.0018979342710851999
2013-09-02,0.002778846195400808
2013-09-03,0.014721980399424073
2013-09-04,-0.001613930770864358
2013-09-05,-0.0038116305781256132
2013-09-06,0.006849607556774329
2013-09-09,0.03513050411828034
2013-09-10,0.014045668910640963
2013-09-11,0.003232466897518771
2013-09-12,0.009891698786494763
2013-09-13,-0.007397954096791115
2013-09-16,-0.004222749005584836
2013-09-17,-0.02060611929518752
2013-09-18,0.0021381606051120716
2013-09-23,0.01635347850574065
2013-09-24,-0.011487325516020053
2013-09-25,-0.006080470070256694
2013-09-26,-0.01835712197873185
2013-09-27,0.0044161312509436446
2013-09-30,0.005874812628133164
2013-10-08,0.013602928967555439
2013-10-09,0.004820194855455817
2013-10-10,-0.009887592823548008
2013-10-11,0.016132086345149954
2013-10-14,0.0016325637732881315
2013-10-15,-0.0020303008242530396
2013-10-16,-0.018702989236156653
2013-10-17,-0.0033204342995902802
2013-10-18,0.005270725512051877
2013-10-21,0.018659961666082525
2013-10-22,-0.01029004742404882
2013-10-23,-0.01120246617795495
2013-10-24,-0.0074343908802601
2013-10-25,-0.013309671694765157
2013-10-28,-0.0011019353531255272
2013-10-29,0.0025782455250527025
2013-10-30,0.014932231614005032
2013-10-31,-0.014018866278707853
2013-11-01,0.004735183593684411
2013-11-04,-0.0018910170401177373
2013-11-05,0.0013946942804932139
2013-11-06,-0.01266900749652855
2013-11-07,-0.005532021567236756
2013-11-08,-0.01392835017410421
2013-11-11,0.003440282501787406
2013-11-12,0.010410684445288254
2013-11-13,-0.022170940170939568
2013-11-14,0.007158715451986319
2013-11-15,0.02006075070514246
2013-11-18,0.03325349997660254
2013-11-19,-0.006892008728230925
2013-11-20,0.005260845051738405
2013-11-21,-0.006128214116336905
2013-11-22,-0.004991721957352979
2013-11-25,-0.003890807186108014
2013-11-26,-0.0005065665255813423
2013-11-27,0.01133441120540124
2013-11-28,0.010374904741394131
2013-11-29,-0.00024184986452302493
2013-12-02,-0.008261785857790804
2013-12-03,0.009918182231611672
2013-12-04,0.013247201958423549
2013-12-05,-0.0028038818006252963
2013-12-06,-0.006445993031358732
2013-12-09,-0.0005790506016820629
2013-12-10,0.0009996450240115085
2013-12-11,-0.01653269854727435
2013-12-12,-0.001139773537360389
2013-12-13,-0.0013983344467449754
2013-12-16,-0.016088820928763514
2013-12-17,-0.00487347545525163
2013-12-18,0.0003607228036226484
2013-12-19,-0.010529307704382096
2013-12-20,-0.023267778821047802
2013-12-23,0.0028356466240000433
2013-12-24,0.001597653856255432
2013-12-25,0.0073680760406422685
2013-12-26,-0.017257310930931746
2013-12-27,0.01684081347971378
2013-12-30,-0.0017451855453490817
2013-12-31,0.013294425647760955
2014-01-02,-0.0034548911387406456
2014-01-03,-0.013436808241242604
2014-01-06,-0.022760806362898678
2014-01-07,-0.00028588786048644454
2014-01-08,0.0017470956210901
2014-01-09,-0.00878268976007035
2014-01-10,-0.00781650781650789
2014-01-13,-0.005066104270131655
2014-01-14,0.008738740381458943
2014-01-15,-0.0017669521205680994
2014-01-16,0.0013128468858365494
2014-01-17,-0.015077944155092449
2014-01-20,-0.005737919384527834
2014-01-21,0.009889242332605575
2014-01-22,0.02577934635024981
2014-01-23,-0.005307959711204346
2014-01-24,0.006178619914063432
2014-01-27,-0.013252110719247034
2014-01-28,0.0017780425286109125
2014-01-29,0.0035677925634955976
2014-01-30,-0.011370063471259129
2014-02-07,0.004554019387500663
2014-02-10,0.024881580850447893
2014-02-11,0.007951383223154807
2014-02-12,0.0024895430441551625
2014-02-13,-0.005106382978723012
2014-02-14,0.00702770283608567
2014-02-17,0.007004796194409302
2014-02-18,-0.012635995933640398
2014-02-19,0.01148770613904393
2014-02-20,-0.009191479039788897
2014-02-21,-0.010120484034554345
2014-02-24,-0.02198481643252359
2014-02-25,-0.025558701473463508
2014-02-26,0.0025487624599724867
2014-02-27,-0.004298769072898501
2014-02-28,0.011540729117825999
2014-03-03,0.005231829717710523
2014-03-04,-0.0027849176166588885
2014-03-05,-0.009289144657024573
2014-03-06,0.004459375779812813
2014-03-07,-0.0024245156719397976
2014-03-10,-0.032545333800660936
2014-03-11,0.005181643539152736
2014-03-12,0.002594064476967306
2014-03-13,0.012392804605203755
2014-03-14,-0.008171637084000927
2014-03-17,0.00951555463435727
2014-03-18,-0.0022911378229059087
2014-03-19,-0.008072474545513852
2014-03-20,-0.01598400656334442
2014-03-21,0.03441831938168738
2014-03-24,0.008222160459515182
2014-03-25,-0.0009694240885806948
2014-03-26,-0.001559022093044704
2014-03-27,-0.007065705534189171
2014-03-28,-0.0017349272397494397
2014-03-31,-0.0026347950947269716
2014-04-01,0.007832083119787558
2014-04-02,0.008145679137908646
2014-04-03,-0.007208595286899988
2014-04-04,0.009450302769964392
2014-04-08,0.02372487382576738
2014-04-09,0.0005810523304674575
2014-04-10,0.015697170578302666
2014-04-11,-0.0013589824783619697
2014-04-14,-0.0009072212166453264
2014-04-15,-0.017257263258118938
2014-04-16,0.0013770150619432098
2014-04-17,-0.003462439474497092
2014-04-18,-0.00014383315354216109
2014-04-21,-0.016736495720347744
2014-04-22,0.00436621328151765
2014-04-23,-0.000969592134013153
2014-04-24,-0.0019137273485312356
2014-04-25,-0.01033568138344687
2014-04-28,-0.015158015158015625
2014-04-29,0.011007180428764807
2014-04-30,8.802531422791304e-05
2014-05-05,-0.0010145182659619945
2014-05-06,0.00039879989056190723
2014-05-07,-0.00927535425734527
2014-05-08,-0.0008515336964053377
2014-05-09,-0.0007445563099980346
2014-05-12,0.02162228022737711
2014-05-13,-0.0023852663929728735
2014-05-14,-0.001140308527024958
2014-05-15,-0.01302264347233717
2014-05-16,0.0008721689489203932
2014-05-19,-0.014357277662573886
2014-05-20,0.000297852624412398
2014-05-21,0.009518993085259497
2014-05-22,-0.002359649985252399
2014-05-23,0.008231379671214123
2014-05-26,0.0035235360103520463
2014-05-27,-0.004035287896919426
2014-05-28,0.010278119295108246
2014-05-29,-0.0065411298315157795
2014-05-30,0.0006032034744518633
2014-06-03,-0.003032748114966566
2014-06-04,-0.010070142144823269
2014-06-05,0.010492089819430728
2014-06-06,-0.007383985864410358
2014-06-09,-0.0002061160245833138
2014-06-10,0.012645950859305755
2014-06-11,-0.00023134545892022906
2014-06-12,-0.003406193162622806
2014-06-13,0.010601789719560939
2014-06-16,0.007177517185604776
2014-06-17,-0.010123821776937936
2014-06-18,-0.004346283075306379
2014-06-19,-0.01542884123986199
2014-06-20,0.004617026578462857
2014-06-23,-0.0012261727031490643
2014-06-24,0.005018485457638278
2014-06-25,-0.005338443319252817
2014-06-26,0.007363935932350962
2014-06-27,0.0005490721611107752
2014-06-30,0.006910792183270953
2014-07-01,-0.0002586461720370803
2014-07-02,0.0029151421074036232
2014-07-03,0.004293209634846695
2014-07-04,-0.0006834266738222627
2014-07-07,-0.0011061642263734406
2014-07-08,0.0019206999067216124
2014-07-09,-0.014565667035088548
2014-07-10,-0.002727217725984721
2014-07-11,0.002408008026694386
2014-07-14,0.011056745545876545
2014-07-15,0.0014826684348179242
2014-07-16,-0.0018896725487124177
2014-07-17,-0.0063568983863613315
2014-07-18,0.003277594143907825
2014-07-21,0.0009980869999173247
2014-07-22,0.012186677745464003
2014-07-23,0.002339581338076435
2014-07-24,0.01782667449256814
2014-07-25,0.010478272336734262
2014-07-28,0.028069632152890822
2014-07-29,0.0032144240285727488
2014-07-30,-0.004014806744532029
2014-07-31,0.012161876994499998
2014-08-01,-0.008871396659929975
2014-08-04,0.01984201940413821
2014-08-05,-0.0026393110009177434
2014-08-06,-0.002587207461962171
2014-08-07,-0.015131896310964676
2014-08-08,0.0015768262397628519
2014-08-11,0.01467957599962233
2014-08-12,-0.0035089944405688467
2014-08-13,0.000784879404339911
2014-08-14,-0.009729111026325565
2014-08-15,0.010569575547421772
2014-08-18,0.005896705978039707
2014-08-19,8.843743683106808e-05
2014-08-20,-0.0036340361382369846
2014-08-21,-0.005029288207798688
2014-08-22,0.0047233926872372045
2014-08-25,-0.009512294111678754
2014-08-26,-0.008011575595639586
2014-08-27,0.0015059657758520473
2014-08-28,-0.007007247840040032
2014-08-29,0.01168616524177013
2014-09-01,0.00728310004319388
2014-09-02,0.01322113343409792
2014-09-03,0.009377907025468701
2014-09-04,0.007215091081184344
2014-09-05,0.009496253431263701
2014-09-09,-0.001649477801458521
2014-09-10,-0.005230613196358425
2014-09-11,-0.0036917814695592854
2014-09-12,0.006152386061193393
2014-09-15,-0.00047983070588430987
2014-09-16,-0.019871245163487372
2014-09-17,0.0052621443761615705
2014-09-18,0.0030524750867231276
2014-09-19,0.006871040329477829
2014-09-22,-0.01908700689837184
2014-09-23,0.00863417012762091
2014-09-24,0.01767064256124362
2014-09-25,-0.0020025718100139533
2014-09-26,9.437949584900629e-05
2014-09-29,0.0043492532414253215
2014-09-30,0.0013032110466539848
2014-10-08,0.01117507619370084
2014-10-09,0.001440457072765522
2014-10-10,-0.006108100485505141
2014-10-13,-0.004799760012000109
2014-10-14,-0.003417584879528701
2014-10-15,0.007075240337453659
2014-10-16,-0.00790626128813654
2014-10-17,-0.0010882060554983086
2014-10-20,0.005315903068725314
2014-10-21,-0.008685343686219094
2014-10-22,-0.006061502677334629
2014-10-23,-0.009385439751265823
2014-10-24,-0.0021828593370446514
2014-10-27,-0.009152092892906527
2014-10-28,0.020187181013411548
2014-10-29,0.014371133594024643
2014-10-30,0.007159232758691347
2014-10-31,0.015954279789220704
2014-11-03,0.0016863877017281315
2014-11-04,0.00024676125848310804
2014-11-05,-0.0038676253496586765
2014-11-06,0.001046555753060785
2014-11-07,-0.0015642021172591614
2014-11-10,0.02541014727334523
2014-11-11,-0.002775038682947595
2014-11-12,0.013956796854541986
2014-11-13,-0.005616115205526295
2014-11-14,0.0005194301773432386
2014-11-17,-0.005420190694629068
2014-11-18,-0.010003505901601262
2014-11-19,-0.0016526194017518758
2014-11-20,-4.7295859247231675e-05
2014-11-21,0.01826888967718987
2014-11-24,0.02547368828504548
2014-11-25,0.013701939409495711
2014-11-26,0.013948673647209198
2014-11-27,0.011557021248467247
2014-11-28,0.01972415946327577
2014-12-01,0.003912675073518779
2014-12-02,0.0369280199729769
2014-12-03,0.014914806733380859
2014-12-04,0.04609863355293076
2014-12-05,0.00661652197722562
2014-12-08,0.040958241730108425
2014-12-09,-0.04487408081453992
2014-12-10,0.03689839744311829
2014-12-11,-0.011963185423164324
2014-12-12,0.0032107973270583123
2014-12-15,0.007515900827687272
2014-12-16,0.026783910382533804
2014-12-17,0.01731549312829217
2014-12-18,-0.004365291912158398
2014-12-19,0.01112993995690359
2014-12-22,0.0033430185299587745
2014-12-23,-0.02049209304517874
2014-12-24,-0.028430759236312997
2014-12-25,0.03251310213317948
2014-12-26,0.033105276097162184
2014-12-29,0.002788870057809145
2014-12-30,0.0006077356060711914
2014-12-31,0.022024265737300208
2015-01-05,0.030517587797492807
2015-01-06,-0.00013181236509807182
2015-01-07,0.0007497816569894677
2015-01-08,-0.023198373122490623
2015-01-09,-0.0035232042615603865
2015-01-12,-0.009343844453466033
2015-01-13,0.00013092059950148283
2015-01-14,-0.003306735267667782
2015-01-15,0.029037065800217476
2015-01-16,0.008609591245575254
2015-01-19,-0.07702295641170387
2015-01-20,0.012237866450482748
2015-01-21,0.044952918244402174
2015-01-22,0.005274888768036501
2015-01-23,0.0011548347493139932
2015-01-26,0.010151943175996214
2015-01-27,-0.009162996571498994
2015-01-28,-0.013877194798219028
2015-01-29,-0.012344978611871227
2015-01-30,-0.013616520190706138
2015-02-02,-0.023419005995241826
2015-02-03,0.024892962348983527
2015-02-04,-0.010379787342359559
2015-02-05,-0.01023584780864173
2015-02-06,-0.016195666701317113
2015-02-09,0.010113451796571749
2015-02-10,0.01823713657230308
2015-02-11,0.007977833481071173
2015-02-12,0.002547959884919182
2015-02-13,0.007830676151002747
2015-02-16,0.00854508722329217
2015-02-17,0.0065266839644750885
2015-02-25,-0.012375366235890306
2015-02-26,0.02517297979435118
2015-02-27,0.0018338333847409682
2015-03-02,0.007954456398831411
2015-03-03,-0.02592425984238933
2015-03-04,0.006533823655178406
2015-03-05,-0.009765436924000226
2015-03-06,-0.0050967583244205805
2015-03-09,0.017027356461943866
2015-03-10,-0.0048448872871179605
2015-03-11,0.0011475284112700823
2015-03-12,0.019346601790249274
2015-03-13,0.006908184054953637
2015-03-16,0.024327880453109962
2015-03-17,0.01388412891595836
2015-03-18,0.02366972574738102
2015-03-19,-0.0016406442973950774
2015-03-20,0.013758744081630025
2015-03-23,0.02042095582096093
2015-03-24,0.00024924094802303287
2015-03-25,-0.008215350926870424
2015-03-26,0.0024337568933179288
2015-03-27,0.005493670886075774
2015-03-30,0.029327492005942535
2015-03-31,-0.009045589969130519
2015-04-01,0.017945300157977906
2015-04-02,0.00021339023739619378
2015-04-03,0.01109392500933426
2015-04-07,0.021460050736834324
2015-04-08,0.008394287377584186
2015-04-09,-0.007835560314726653
2015-04-10,0.019304856245923263
2015-04-13,0.017643321778282317
2015-04-14,0.0038701038436399493
2015-04-15,-0.012994065134808719
2015-04-16,0.030370892886901757
2015-04-17,0.018298235313667366
2015-04-20,-0.01614833316652764
2015-04-21,0.021504139834407132
2015-04-22,0.02611946760882944
2015-04-23,0.00022785723478357944
2015-04-24,-0.008068105355746313
2015-04-27,0.0223172515863439
2015-04-28,-0.01367213094294717
2015-04-29,0.006847523967389302
2015-04-30,-0.005119042881409741
2015-05-04,0.007968605588760003
2015-05-05,-0.03987267479019163
2015-05-06,-0.009465197831553862
2015-05-07,-0.018281126120883617
2015-05-08,0.019755754358413924
2015-05-11,0.028986047736047515
2015-05-12,0.0121286933459539
2015-05-13,-0.006104368267396021
2015-05-14,-0.0037427624384331892
2015-05-15,-0.017722590718986075
2015-05-18,-0.0091673578821303
2015-05-19,0.03411480304427861
2015-05-20,0.0050092787906710345
2015-05-21,0.018099147830036966
2015-05-22,0.022797036963590367
2015-05-25,0.0299211930507699
2015-05-26,0.019498028234196108
2015-05-27,-0.0033641602486667033
2015-05-28,-0.06705098785470442
2015-05-29,0.0014108369655829733
2015-06-01,0.0486176957257336
2015-06-02,0.01688080406920056
2015-06-03,-0.003541352261873243
2015-06-04,0.007354785276431519
2015-06-05,0.009481956683689674
2015-06-08,0.023553928363173382
2015-06-09,-0.006778426336680465
2015-06-10,-0.0015702986012106068
2015-06-11,-0.00047465582743722035
2015-06-12,0.005374449505237244
2015-06-15,-0.02135663557077483
2015-06-16,-0.029945395380728268
2015-06-17,0.0146125627366811
2015-06-18,-0.04053062662123397
2015-06-19,-0.059526827635863255
2015-06-23,0.03214112420612203
2015-06-24,0.019648606691475612
2015-06-25,-0.03557487198087028
2015-06-26,-0.07868446325522838
2015-06-29,-0.03335647192581559
2015-06-30,0.06714699812718483
2015-07-01,-0.0491795215738875
2015-07-02,-0.034098123215973164
2015-07-03,-0.054060370009737735
2015-07-06,0.028981553917733605
2015-07-07,-0.017641439125281377
2015-07-08,-0.06745417515274865
2015-07-09,0.06404243469904713
2015-07-10,0.05360436983500283
2015-07-13,0.0256297241486787
2015-07-14,-0.02366203603676209
2015-07-15,-0.03535620052770572
2015-07-16,0.007714104205952532
2015-07-17,0.03856044989693097
2015-07-20,0.0021943875707577387
2015-07-21,0.0012978866079738083
2015-07-22,-0.002124334795163052
2015-07-23,0.02252739851244523
2015-07-24,-0.017533128980124157
2015-07-27,-0.08561447029413671
2015-07-28,-0.002000665142599556
2015-07-29,0.031300756476492886
2015-07-30,-0.02925162452485519
2015-07-31,0.0003381025892374989
2015-08-03,0.003285560824795919
2015-08-04,0.03105577085792377
2015-08-05,-0.02058173934186891
2015-08-06,-0.009064108200367849
2015-08-07,0.01959888826545919
2015-08-10,0.04540882273896463
2015-08-11,-0.004331155921612373
2015-08-12,-0.012427858665689517
2015-08-13,0.014772928167165578
2015-08-14,-0.00047111246337927515
2015-08-17,0.0010629575258866986
2015-08-18,-0.06190977152287802
2015-08-19,0.015875422503731418
2015-08-20,-0.03208582295027973
2015-08-21,-0.045703119807521064
2015-08-24,-0.08747917560467389
2015-08-25,-0.07101140884070545
2015-08-26,-0.005665592044509782
2015-08-27,0.05947403732702261
2015-08-28,0.0426279931620519
2015-08-31,0.007255504459516393
2015-09-01,-0.001324802319294216
2015-09-02,0.00111538095464625
2015-09-07,-0.034267922028147324
2015-09-08,0.025697664044498136
2015-09-09,0.01957996652689542
2015-09-10,-0.012278998617361814
2015-09-11,-0.003088552401148914
2015-09-14,-0.019735957624156142
2015-09-15,-0.039285246241387184
2015-09-16,0.04981235506292436
2015-09-17,-0.021832741557755497
2015-09-18,0.0044084028421385035
2015-09-21,0.017525459282064615
2015-09-22,0.009304012695533936
2015-09-23,-0.02276110127791542
2015-09-24,0.006733005825872995
2015-09-25,-0.016149162861490818
2015-09-28,0.0033416358545153013
2015-09-29,-0.019705496877651107
2015-09-30,0.00758135803828508
2015-10-08,0.02920120513901292
2015-10-09,0.013238363345142945
2015-10-12,0.03220542974503915
2015-10-13,-0.0007686305903366053
2015-10-14,-0.011300304205467904
2015-10-15,0.02369565281215369
2015-10-16,0.013551029304638362
2015-10-19,3.1125586079872036e-05
2015-10-20,0.012314030411580745
2015-10-21,-0.02919473404701234
2015-10-22,0.014764269776145644
2015-10-23,0.013252830873904164
2015-10-26,0.00504586642174587
2015-10-27,0.0010085644394670634
2015-10-28,-0.018915187815902623
2015-10-29,0.0023801958626015196
2015-10-30,0.00021792596743530623
2015-11-02,-0.016445581311119506
2015-11-03,-0.0030121175157354907
2015-11-04,0.04704962357415465
2015-11-05,0.0213391612053333
2015-11-06,0.023583569213997402
2015-11-09,0.012387402230734645
2015-11-10,-0.0018539928548356732
2015-11-11,0.00010695912596103696
2015-11-12,-0.009998304487890297
2015-11-13,-0.012931715902744001
2015-11-16,0.004775454856069672
2015-11-17,-0.001524920765223814
2015-11-18,-0.011390515619720487
2015-11-19,0.01598404555950861
2015-11-20,-0.00015629263278837957
2015-11-23,-0.005574425468554134
2015-11-24,0.0001465361518009356
2015-11-25,0.007384339977996923
2015-11-26,-0.005865226715605187
2015-11-27,-0.053848588748827364
2015-11-30,0.002648306573816317
2015-12-01,0.007091164504363201
2015-12-02,0.03626416460172055
2015-12-03,0.007348298606912662
2015-12-04,-0.019126236897553772
2015-12-07,0.002724610410621553
2015-12-08,-0.017515409709812912
2015-12-09,0.0035660857516655042
2015-12-10,-0.00353691205025386
2015-12-11,-0.004145644037668705
2015-12-14,0.028619257994600522
2015-12-15,-0.0045617192804715545
2015-12-16,-0.002422592092335085
2015-12-17,0.01911576365373069
2015-12-18,0.0032003067182466705
2015-12-21,0.026025037753025115
2015-12-22,0.0027832600873776148
2015-12-23,-0.002669775816215081
2015-12-24,-0.00956450219585292
2015-12-25,0.002298010132135486
2015-12-28,-0.028807774477619286
2015-12-29,0.009188143673057425
2015-12-30,0.0008772209639864581
2015-12-31,-0.009075263334025419
2016-01-04,-0.07020619081696333
2016-01-05,0.0027990210632826695
2016-01-06,0.01754350663163562
2016-01-07,-0.06933422980329462
2016-01-08,0.02039230447003626
2016-01-11,-0.050307000321280104
2016-01-12,0.007285940265314483
2016-01-13,-0.018605533459173373
2016-01-14,0.02081511337566555
2016-01-15,-0.0319223235875673
2016-01-18,0.0038477200655397947
2016-01-19,0.029513883343500913
2016-01-20,-0.015125049253364886
2016-01-21,-0.029306510247670725
2016-01-22,0.010420757135671588
2016-01-25,0.004955901151773245
2016-01-26,-0.06020665475615938
2016-01-27,-0.0034551829444560145
2016-01-28,-0.026136809596122967
2016-01-29,0.032353806907378546
2016-02-01,-0.015288059767353035
2016-02-02,0.02077868358008339
2016-02-03,-0.004285236701077499
2016-02-04,0.01224971512290396
2016-02-05,-0.007025690507779236
2016-02-15,-0.0057628914329280745
2016-02-16,0.030654526573703045
2016-02-17,0.008653162289598226
2016-02-18,-0.0031403836360546222
2016-02-19,-0.0006909650587810789
2016-02-22,0.022047522766818872
2016-02-23,-0.009461760188786084
2016-02-24,0.006535334179248453
2016-02-25,-0.06135936067919823
2016-02-26,0.010031691648822338
2016-02-29,-0.0239346275309279
2016-03-01,0.01849541437443336
2016-03-02,0.0411643674356541
2016-03-03,0.002323576932026672
2016-03-04,0.011597491515226599
2016-03-07,0.003539233780129214
2016-03-08,0.0009114801406835404
2016-03-09,-0.011507013292916812
2016-03-10,-0.01912816456211408
2016-03-11,0.0017025372118886217
2016-03-14,0.015707621559298612
2016-03-15,0.0029650747466318794
2016-03-16,0.004959704434138512
2016-03-17,0.011058145066551228
2016-03-18,0.015287113501055938
2016-03-21,0.024426537535152226
2016-03-22,-0.00727817716283341
2016-03-23,0.0031930162843825105
2016-03-24,-0.016760967711034747
2016-03-25,0.005019092666216585
2016-03-28,-0.008784109174373778
2016-03-29,-0.010827420632042117
2016-03-30,0.025792480090323533
2016-03-31,0.000562761948587065
2016-04-01,0.001180824650646617
2016-04-05,0.013222052894418912
2016-04-06,-0.0021320328749673267
2016-04-07,-0.01480876615104132
2016-04-08,-0.007341187614705813
2016-04-11,0.013927733988757351
2016-04-12,-0.003606699482989195
2016-04-13,0.013338718948561867
2016-04-14,0.004430639790517832
2016-04-15,-0.0011050634495679557
2016-04-18,-0.013373224823589158
2016-04-19,0.003050999705740187
2016-04-20,-0.01768520520025929
2016-04-21,-0.006422448074993592
2016-04-22,0.004524457381509084
2016-04-25,-0.00405367098176368
2016-04-26,0.005417405906964268
2016-04-27,-0.004164622101434423
2016-04-28,-0.0016867134987630372
2016-04-29,-0.0012118028969361205
2016-05-03,0.017990021382751964
2016-05-04,-0.0012696278870028
2016-05-05,0.001389641871217151
2016-05-06,-0.026002514063821147
2016-05-09,-0.02067819892344447
2016-05-10,0.0011384320300638073
2016-05-11,0.004463834792496346
2016-05-12,0.002377700863822607
2016-05-13,-0.004918870989665147
2016-05-16,0.006624519502820059
2016-05-17,-0.003001314892531304
2016-05-18,-0.005826274619087357
2016-05-19,-0.0018057130937025878
2016-05-20,0.0051330612244897544
2016-05-23,0.0029237676319431305
2016-05-24,-0.00766385291621563
2016-05-25,-0.0014133883455843543
2016-05-26,0.0016278606054465072
2016-05-27,-0.000558055746832764
2016-05-30,0.001374693877551847
2016-05-31,0.033537569577820614
2016-06-01,-0.0028426658589830733
2016-06-02,0.0020724241033984736
2016-06-03,0.007019039499858604
2016-06-06,-0.0033047693402687983
2016-06-07,-0.0005473780904047265
2016-06-08,-0.004110731653578559
2016-06-13,-0.030862929402431405
2016-06-14,0.0031438131453134233
2016-06-15,0.0131307745824083
2016-06-16,-0.006963229655014502
2016-06-17,0.005070007464445858
2016-06-20,0.0007426793040037349
2016-06-21,-0.002040049218194784
2016-06-22,0.00889798861675506
2016-06-23,-0.005309576382595438
2016-06-24,-0.012882860918994932
2016-06-27,0.014097414499083305
2016-06-28,0.005082453677889287
2016-06-29,0.00477936487692876
2016-06-30,0.0008028203427705716
2016-07-01,8.877840908905199e-05
2016-07-04,0.01601039883330313
2016-07-05,0.000836271725901172
2016-07-06,0.002936976597722074
2016-07-07,-0.002129445411589992
2016-07-08,-0.005504758641099228
2016-07-11,0.003461475810392356
2016-07-12,0.021805433720535117
2016-07-13,0.002960423808039847
2016-07-14,-0.0018611763487440536
2016-07-15,-0.00014648616316192964
2016-07-18,-0.004352497344548567
2016-07-19,-0.004227441891834771
2016-07-20,-0.003269472912940108
2016-07-21,0.004605248933627015
2016-07-22,-0.008411939050336104
2016-07-25,0.001776656041871938
2016-07-26,0.011978123674900143
2016-07-27,-0.015705333084576445
2016-07-28,0.0009011136521819285
2016-07-29,-0.005342828936338417
2016-08-01,-0.008464604407712129
2016-08-02,0.003852921641521956
2016-08-03,0.0013985356140542304
2016-08-04,0.0024361908996684
2016-08-05,0.0011932689634477356
2016-08-08,0.00906989151698423
2016-08-09,0.0070497003877334485
2016-08-10,-0.004187928694680432
2016-08-11,-0.003077074867266716
2016-08-12,0.018825617933049488
2016-08-15,0.030110223026321492
2016-08-16,-0.004470416276205369
2016-08-17,-0.0015392584918226815
2016-08-18,-0.002537762559108536
2016-08-19,0.0001575275896208428
2016-08-22,-0.008389251772649264
2016-08-23,0.0015104336802722607
2016-08-24,-0.0035818698138434524
2016-08-25,-0.0062735370255808665
2016-08-26,-0.000568152627555718
2016-08-29,0.00020864264353370743
2016-08-30,0.0012727569548147688
2016-08-31,0.0047705458047884175
2016-09-01,-0.00787609795089228
2016-09-02,0.0037951526238959588
2016-09-05,0.0016806925539589734
2016-09-06,0.006913316946211445
2016-09-07,-0.0005414897849903566
2016-09-08,-0.0003771529145545349
2016-09-09,-0.006443962677718185
2016-09-12,-0.01670865932900012
2016-09-13,-0.0006957641145097782
2016-09-14,-0.006625096232589889
2016-09-19,0.007530729637851952
2016-09-20,-0.0017529235823400269
2016-09-21,0.0028366181617247577
2016-09-22,0.007493938726031102
2016-09-23,-0.004694450521403382
2016-09-26,-0.016909517747514702
2016-09-27,0.006356590110177862
2016-09-28,-0.003042505592841138
2016-09-29,0.004178415235429833
2016-09-30,0.002740114474524713
2016-10-10,0.012476638961292696
2016-10-11,0.0038526110623680054
2016-10-12,-0.0019809106745376504
2016-10-13,0.000799997575764877
2016-10-14,0.0009689188984607355
2016-10-17,-0.008460758957605341
2016-10-18,0.01325551881093845
2016-10-19,-0.0015325185994778945
2016-10-20,0.0007116493378049871
2016-10-21,0.0027541734466336454
2016-10-24,0.011972089165620314
2016-10-25,-3.8603388782698644e-05
2016-10-26,-0.0037565516934191523
2016-10-27,-0.002712531298438181
2016-10-28,-0.0016648235047957982
2016-10-31,-0.0011526497471667785
2016-11-01,0.0068249667294115746
2016-11-02,-0.007650972745270934
2016-11-03,0.009521952390239674
2016-11-04,-0.00324508408393287
2016-11-07,0.0007214899662213448
2016-11-08,0.004328797976518084
2016-11-09,-0.005360236360617221
2016-11-10,0.011201741697857814
2016-11-11,0.007848145318983812
2016-11-14,0.0038130410099443957
2016-11-15,-0.00011077909773427042
2016-11-16,-8.163574712660715e-05
2016-11-17,0.00202356549908167
2016-11-18,-0.005549202247614571
2016-11-21,0.006920344349311547
2016-11-22,0.007918956383260456
2016-11-23,0.0018366028901253273
2016-11-24,0.004031967951467097
2016-11-25,0.009332882358674244
2016-11-28,0.003913327464289518
2016-11-29,0.008192176697555897
2016-11-30,-0.007306315305102951
2016-12-01,0.007642736009044748
2016-12-02,-0.010123308574378265
2016-12-05,-0.01687187407019053
2016-12-06,-0.0029572751562948474
2016-12-07,0.004798866773630506
2016-12-08,-0.0016140401352239264
2016-12-09,0.006789351438271307
2016-12-12,-0.024192117239602573
2016-12-13,-0.0012143682645098242
2016-12-14,-0.007662171369499204
2016-12-15,-0.011399991121501585
2016-12-16,0.0016764308786587634
2016-12-19,-0.005095590894283686
2016-12-20,-0.005983814862209891
2016-12-21,0.008908874423551483
2016-12-22,-0.0008596572154283555
2016-12-23,-0.008415101014190074
2016-12-26,0.004474543475632364
2016-12-27,-0.0018089333012272224
2016-12-28,-0.004372224014666748
2016-12-29,-0.0012507987849386115
2016-12-30,0.00373586919606006
2017-01-03,0.009712756187161053
2017-01-04,0.0078031733303813855
2017-01-05,-0.00015438008971757622
2017-01-06,-0.00597424423732007
2017-01-09,0.004848148114958928
2017-01-10,-0.0016736526056077006
2017-01-11,-0.007078049114574325
2017-01-12,-0.005062228220121812
2017-01-13,0.0006902538566795346
2017-01-16,-0.0001385579729571429
2017-01-17,0.0020816701562009765
2017-01-18,0.00391118219314901
2017-01-19,-0.0030185334359482674
2017-01-20,0.007689327153837189
2017-01-23,0.0027392850436227523
2017-01-24,0.00010998549380647482
2017-01-25,0.0034032308401075184
2017-01-26,0.003572380698479982
2017-02-03,-0.0069274725793697645
2017-02-06,0.0025917746820469656
2017-02-07,-0.0022322950542656983
2017-02-08,0.005232226474293
2017-02-09,0.003842413745202
2017-02-10,0.005064349628563614
2017-02-13,0.0066764513738144515
2017-02-14,-0.0001396859394451333
2017-02-15,-0.0041009371907567704
2017-02-16,0.005617074503683872
2017-02-17,-0.005664166373626545
2017-02-20,0.014599116161617465
2017-02-21,0.0032926291773600624
2017-02-22,0.001992638149546977
2017-02-23,-0.004710925679703992
2017-02-24,0.00015259175659121382
2017-02-27,-0.007953711300143662
2017-02-28,0.001912240077534877
2017-03-01,0.0016305559819389526
2017-03-02,-0.006748707509744434
2017-03-03,-0.0021076533434245537
2017-03-06,0.005431960465129393
2017-03-07,0.002170330308024937
2017-03-08,-0.0015142039861495427
2017-03-09,-0.006318267884119155
2017-03-10,0.00027721524158486055
2017-03-13,0.008813001584064839
2017-03-14,-0.0004077383534309975
2017-03-15,0.0020105939497030434
2017-03-16,0.0051593121687008026
2017-03-17,-0.010254171322213734
2017-03-20,0.0011027886041310442
2017-03-21,0.004852722481672789
2017-03-22,-0.004702352618749184
2017-03-23,0.003457920899696987
2017-03-24,0.007978093460967672
2017-03-27,-0.0033127005960563727
2017-03-28,-0.0023662752584798774
2017-03-29,-0.0013314850092654984
2017-03-30,-0.008204456321298625
2017-03-31,0.005612844656012861
2017-04-05,0.013842392326499864
2017-04-06,0.002899634406331675
2017-04-07,0.0009703902904065753
2017-04-10,-0.0035025273919254696
2017-04-11,0.0034777498188369727
2017-04-12,-0.0022431787748087295
2017-04-13,0.001461771678671786
2017-04-14,-0.007986752291176624
2017-04-17,-0.0018815430947932699
2017-04-18,-0.00494261395311435
2017-04-19,-0.004868976590792551
2017-04-20,0.004547459574912649
2017-04-21,0.00151377273186859
2017-04-24,-0.010248673845257517
2017-04-25,0.0028298642481194847
2017-04-26,0.0012234922129508163
2017-04-27,0.00044700131778396823
2017-04-28,-0.0020222124222450955
2017-05-02,-0.0038287666254813724
2017-05-03,-0.003925196551664567
2017-05-04,-0.0025606994166643693
2017-05-05,-0.0064152461968211005
2017-05-08,-0.00701837371213998
2017-05-09,-0.0018697098079387686
2017-05-10,-0.004423524919985433
2017-05-11,0.005677562393265001
2017-05-12,0.0085591288933895
2017-05-15,0.004079305720480653
2017-05-16,0.008666770612999475
2017-05-17,-0.005448208478556538
2017-05-18,-0.003478036463663514
2017-05-19,0.0016891742762901174
2017-05-22,0.00217107099313929
2017-05-23,0.003796273495855873
2017-05-24,-5.840797386080787e-06
2017-05-25,0.017957636449124736
2017-05-26,-0.0015004332034679324
2017-05-31,0.0035771442034466805
2017-06-01,0.0013914019376559672
2017-06-02,-0.0032106445876479706
2017-06-05,-0.0050939191340344525
2017-06-06,0.006956396396397224
2017-06-07,0.011735301527679098
2017-06-08,0.007671476313503289
2017-06-09,0.004265679672449618
2017-06-12,-0.0004977392014358095
2017-06-13,0.0022045719689220977
2017-06-14,-0.013111797826518168
2017-06-15,-0.001841427884478608
2017-06-16,-0.002842334057850282
2017-06-19,0.009921108572338078
2017-06-20,-0.002020446468016579
2017-06-21,0.011690431948207403
2017-06-22,0.0006661185356537924
2017-06-23,0.009063208498359066
2017-06-26,0.012479022214372248
2017-06-27,0.0018074801872347557
2017-06-28,-0.0077692994296149065
2017-06-29,0.006214740398828189
2017-06-30,-0.0005533099107878359
2017-07-03,-0.004349841823934053
2017-07-04,-0.008455565142364008
2017-07-05,0.01096691141939865
2017-07-06,0.000114764132383538
2017-07-07,-0.0011393131335212248
2017-07-10,-0.0006127031972700259
2017-07-11,0.004685673935116652
2017-07-12,-0.003266309070748763
2017-07-13,0.00768007171711016
2017-07-14,0.00438577457606848
2017-07-17,-0.010674868825763961
2017-07-18,0.0009881099258644
2017-07-19,0.01706215675260081
2017-07-20,0.004860915610964911
2017-07-21,-0.005144241544552508
2017-07-24,0.003988092045270397
2017-07-25,-0.006387122108630905
2017-07-26,-0.003809590381658845
2017-07-27,0.0018351644496275021
2017-07-28,0.002613012803761361
2017-07-31,0.004293517540819636
2017-08-01,0.008697466739079784
2017-08-02,-0.002527596687868283
2017-08-03,-0.008779930068999686
2017-08-04,-0.005432114661880094
2017-08-07,0.005181277275203344
2017-08-08,0.0014543346955413483
2017-08-09,-0.00031348718319623714
2017-08-10,-0.00405248938633751
2017-08-11,-0.018453034510970134
2017-08-14,0.01297654461458464
2017-08-15,0.0030801043662771477
2017-08-16,-0.0012520034753888964
2017-08-17,0.005365508372463301
2017-08-18,0.000910976868174318
2017-08-21,0.004381596221946893
2017-08-22,0.00302326389538643
2017-08-23,0.001010047171068118
2017-08-24,-0.005708063438310429
2017-08-25,0.016360301500810914
2017-08-28,0.012371731541855002
2017-08-29,-0.002126103713263383
2017-08-30,-6.258899372635351e-05
2017-08-31,-0.0031844143650734402
2017-09-01,0.0022108322933260816
2017-09-04,0.003936781759231067
2017-09-05,0.0029722125431004276
2017-09-06,-0.0019704178063544298
2017-09-07,-0.005086440920131108
2017-09-08,-0.0010130892171280603
2017-09-11,-8.886588830547826e-05
2017-09-12,0.003209912041091112
2017-09-13,0.0012194073367661762
2017-09-14,-0.003292033279463924
2017-09-15,0.00034987310572498487
2017-09-18,0.003090334873280698
2017-09-19,-0.00286744693141594
2017-09-20,0.002693026314416702
2017-09-21,-0.0012023609997814377
2017-09-22,-2.34508132220812e-05
2017-09-25,-0.005195779796910327
2017-09-26,0.0007831756068297224
2017-09-27,0.00010992519851971139
2017-09-28,0.0003506751805710806
2017-09-29,0.0036520219539890597
2017-10-09,0.011914505408574305
2017-10-10,0.001970527096679442
2017-10-11,0.003298319219715351
2017-10-12,0.002628955925271681
2017-10-13,0.0020572713681492605
2017-10-16,-0.0019255292017332781
2017-10-17,-9.710102339388627e-05
2017-10-18,0.007945168371637168
2017-10-19,-0.0032731937852419346
2017-10-20,-0.001119236883944108
2017-10-23,0.0010058953104910007
2017-10-24,0.007275872595910116
2017-10-25,0.004432489771177606
2017-10-26,0.004181596449539304
2017-10-27,0.007108909800229046
2017-10-30,-0.00304577110222104
2017-10-31,-0.000748181917939128
2017-11-01,-0.002520765114607526
2017-11-02,0.00012760782861587217
2017-11-03,-0.0011082952018084402
2017-11-06,0.007060385202995789
2017-11-07,0.008296670637595538
2017-11-08,-0.0015391256089285488
2017-11-09,0.006889805114117742
2017-11-10,0.00883485855884647
2017-11-13,0.003930047107060464
2017-11-14,-0.006957246364522218
2017-11-15,-0.006264407771964686
2017-11-16,0.007693308490869244
2017-11-17,0.00385869949159634
2017-11-20,0.00557651940740489
2017-11-21,0.017826503500383728
2017-11-22,0.0023401379898997376
2017-11-23,-0.02960802541412577
2017-11-24,0.000438767550701602
2017-11-27,-0.013218166756004956
2017-11-28,0.0014494006098841883
2017-11-29,-0.000510377679484475
2017-11-30,-0.011754548257784991
2017-12-01,-0.00198696987094793
2017-12-04,0.005182409820567058
2017-12-05,0.005302498718541937
2017-12-06,-0.006026974112474215
2017-12-07,-0.01114591789472641
2017-12-08,0.008138884831757176
2017-12-11,0.016516043942867986
2017-12-12,-0.013141663595035658
2017-12-13,0.00848352348842818
2017-12-14,-0.005910979756005408
2017-12-15,-0.011248959924493707
2017-12-18,0.0011128248669889373
2017-12-19,0.012556175334793584
2017-12-20,-0.001199406244347001
2017-12-21,0.009269344422142334
2017-12-22,-0.0032572489152740136
2017-12-25,-0.0032210329009028094
2017-12-26,0.0029889596539933727
2017-12-27,-0.015396115077388473
2017-12-28,0.006937745696168118
2017-12-29,0.0029734504466394363
2018-01-02,0.014029299031220965
2018-01-03,0.00586925674022587
2018-01-04,0.004237009867709585
2018-01-05,0.0024074733397765335
2018-01-08,0.005173059498639665
2018-01-09,0.007004538286988993
2018-01-10,0.00441839925524623
2018-01-11,-0.0005275903617316668
2018-01-12,0.004615285845742223
2018-01-15,5.680473372882133e-05
2018-01-16,0.007864642008500233
2018-01-17,-0.0024304503730208094
2018-01-18,0.005484779149364405
2018-01-19,0.0032729162667224365
2018-01-22,0.011947542819806811
2018-01-23,0.010609694230502509
2018-01-24,0.0016611106167330192
2018-01-25,-0.005651622250215538
2018-01-26,0.0037158540049666566
2018-01-29,-0.018095085933398813
2018-01-30,-0.01067405544372102
2018-01-31,0.004652146331147966
2018-02-01,-0.007016066792955744
2018-02-02,0.005965755199131673
2018-02-05,0.0006836438215691576
2018-02-06,-0.029306411801175658
2018-02-07,-0.0237147767234126
2018-02-08,-0.00949265522775078
2018-02-09,-0.04272130207749081
2018-02-12,0.012875424732792018
2018-02-13,0.011704069304131925
2018-02-14,0.00796060605290494
2018-02-22,0.021621090205095284
2018-02-23,0.004530279589312736
2018-02-26,0.011625879064329325
2018-02-27,-0.01443271934382473
2018-02-28,-0.00870662087519658
2018-03-01,0.006325118549373565
2018-03-02,-0.008058600821418405
2018-03-05,0.00040831976416932925
2018-03-06,0.01206042656977302
2018-03-07,-0.007355110953731203
2018-03-08,0.010144550555536425
2018-03-09,0.007668726701980821
2018-03-12,0.004575467220915064
2018-03-13,-0.008823379775999896
2018-03-14,-0.004377635197067686
2018-03-15,0.005602282156657701
2018-03-16,-0.009701769462128862
2018-03-19,0.004395501452018502
2018-03-20,0.0008467816162489594
2018-03-21,-0.004083184147927188
2018-03-22,-0.010022038635329023
2018-03-23,-0.02870645590558052
2018-03-26,-0.0064149513180734585
2018-03-27,0.008603336692535768
2018-03-28,-0.018028400800353506
2018-03-29,0.013357725777574103
2018-03-30,0.0011427690964411763
2018-04-02,-0.0029703732204687805
2018-04-03,-0.006287754829016889
2018-04-04,-0.001972825749258389
2018-04-09,-0.0005006666908788926
2018-04-10,0.019268452839787065
2018-04-11,0.0028442873621459253
2018-04-12,-0.010080389199511486
2018-04-13,-0.007053741817659276
2018-04-16,-0.01608828407135887
2018-04-17,-0.015810504980491746
2018-04-18,0.004705706602926796
2018-04-19,0.012096817018385275
2018-04-20,-0.013376741940901216
2018-04-23,0.0014571174069692994
2018-04-24,0.02048678687210148
2018-04-25,-0.003848065169937298
2018-04-26,-0.019121372789718483
2018-04-27,0.0003701248039527094
2018-05-02,0.0018020272140721882
2018-05-03,0.007798280924103063
2018-05-04,-0.004851041392038069
2018-05-07,0.01578710326922028
2018-05-08,0.01160349382790038
2018-05-09,-0.0018202068745042377
2018-05-10,0.005537733558562685
2018-05-11,-0.005193857787960998
2018-05-14,0.009411697875461034
2018-05-15,0.0037884117064739264
2018-05-16,-0.007966157845110788
2018-05-17,-0.0073956288981836815
2018-05-18,0.01009562505661199
2018-05-21,0.004657883814238595
2018-05-22,-0.003832971202986535
2018-05-23,-0.013217415346334027
2018-05-24,-0.007098049592951683
2018-05-25,-0.0028009887072074635
2018-05-28,0.00439145814227615
2018-05-29,-0.007630580758935079
2018-05-30,-0.021198682443000827
2018-05-31,0.021220023795646803
2018-06-01,-0.008360553127252368
2018-06-04,0.009810135814290133
2018-06-05,0.009911807499775938
2018-06-06,-0.0020726493503798737
2018-06-07,-0.0016521818442415404
2018-06-08,-0.013414217138560502
2018-06-11,9.524767040014481e-05
2018-06-12,0.012161440007619095
2018-06-13,-0.00983023824148177
2018-06-14,-0.0039515988533233015
2018-06-15,-0.005284400946634404
2018-06-19,-0.03525042427859271
2018-06-20,0.003954577589253105
2018-06-21,-0.01168221728319041
2018-06-22,0.004433657948717418
2018-06-25,-0.013416830613205977
2018-06-26,-0.008248887790410997
2018-06-27,-0.020347709360512778
2018-06-28,-0.010328798644796966
2018-06-29,0.02554381004401929
2018-07-02,-0.029342234931557187
2018-07-03,0.00038732848977152123
2018-07-04,-0.01335472592453657
2018-07-05,-0.006335191378668226
2018-07-06,0.006785462117494978
2018-07-09,0.02795145492582707
2018-07-10,0.002410976011655963
2018-07-11,-0.01730054909560841
2018-07-12,0.021578680158356178
2018-07-13,0.003340936381446946
2018-07-16,-0.005898032748398063
2018-07-17,-0.006540729070962703
2018-07-18,-0.005235723521329061
2018-07-19,-0.0008684704428617573
2018-07-20,0.018828354247246493
2018-07-23,0.009407682463517641
2018-07-24,0.015871800326171748
2018-07-25,-0.001105617149349647
2018-07-26,-0.011599468939977209
2018-07-27,-0.004247437256981623
2018-07-30,-0.001746548791188629
2018-07-31,0.0007339804499466585
2018-08-01,-0.019976347913101544
2018-08-02,-0.022170395574621637
2018-08-03,-0.01651754989676668
2018-08-06,-0.01267162954561829
2018-08-07,0.029206267738376646
2018-08-08,-0.016135974377164186
2018-08-09,0.02504744291011285
2018-08-10,0.002204542711911728
2018-08-13,-0.004311281578374904
2018-08-14,-0.005141077296083263
2018-08-15,-0.023994117838897933
2018-08-16,-0.004632470428131419
2018-08-17,-0.01437713818349462
2018-08-20,0.011651525566475085
2018-08-21,0.01818042696457267
2018-08-22,-0.005621270647647836
2018-08-23,0.003651808521894173
2018-08-24,0.0015963711171280703
2018-08-27,0.024430658009881645
2018-08-28,-0.0018787225860620316
2018-08-29,-0.0039998000099995545
2018-08-30,-0.010476676991763467
2018-08-31,-0.004950628004620539
2018-09-03,-0.0038026690658256035
2018-09-04,0.012667754423779876
2018-09-05,-0.019548738071881955
2018-09-06,-0.010690874250335214
2018-09-07,0.004523611043004916
2018-09-10,-0.014513491414554491
2018-09-11,-0.0018142021689926402
2018-09-12,-0.0068823060532664515
2018-09-13,0.01079006377224534
2018-09-14,0.0017055092273605688
2018-09-17,-0.011464826701294117
2018-09-18,0.02012842754265165
2018-09-19,0.013167432855269112
2018-09-20,-0.0007094382456644954
2018-09-21,0.030319050913407697
2018-09-25,-0.00899870693067617
2018-09-26,0.01107757855494551
2018-09-27,-0.003994451662746812
2018-09-28,0.010362587738242723
2018-10-08,-0.043025886485637654
2018-10-09,-0.0006715488164337202
2018-10-10,-0.002155873615329651
2018-10-11,-0.04799183325207268
2018-10-12,0.01492264997071202
2018-10-15,-0.013965238288975335
2018-10-16,-0.008149818484223137
2018-10-17,0.005572449910833832
2018-10-18,-0.023686362543093198
2018-10-19,0.029746517364727998
2018-10-22,0.04316496275857573
2018-10-23,-0.026554382359866624
2018-10-24,0.0014983838187114795
2018-10-25,0.0019164418794301863
2018-10-26,-0.0064708810353393265
2018-10-29,-0.03048549930048794
2018-10-30,0.010845366587689975
2018-10-31,0.01400526001041702
2018-11-01,0.007359329321267483
2018-11-02,0.03563705725158539
2018-11-05,-0.008330673960946444
2018-11-06,-0.0060346201468662874
2018-11-07,-0.006549188289163399
2018-11-08,-0.00283682660285256
2018-11-09,-0.014109319994896174
2018-11-12,0.01190235647715654
2018-11-13,0.010058842983456495
2018-11-14,-0.010020448634389667
2018-11-15,0.01167884578182421
2018-11-16,0.004718770528964855
2018-11-19,0.01133632320032496
2018-11-20,-0.023125720876585376
2018-11-21,0.002510556454894841
2018-11-22,-0.003737807958493655
2018-11-23,-0.02207234253040291
2018-11-26,-0.0007125860511270066
2018-11-27,-0.0012733824858974785
2018-11-28,0.013288750621565981
2018-11-29,-0.012985501410852196
2018-11-30,0.011167593581183244
2018-12-03,0.027818664918412228
2018-12-04,0.002073015532284783
2018-12-05,-0.004807648169514178
2018-12-06,-0.021626691266912523
2018-12-07,-3.4573038687257807e-05
2018-12-10,-0.011566652836972446
2018-12-11,0.004788918709216716
2018-12-12,0.0034147514731863726
2018-12-13,0.015479671104298376
2018-12-14,-0.016703471452221175
2018-12-17,-0.0014877239087657257
2018-12-18,-0.010366316588636959
2018-12-19,-0.011922913410241542
2018-12-20,-0.007670334149646796
2018-12-21,-0.012394781281990008
2018-12-24,0.002904865649963506
2018-12-25,-0.006885655980513494
2018-12-26,-0.005054221020256655
2018-12-27,-0.0038374033570627297
2018-12-28,0.006734637235789043
2019-01-02,-0.013654858585354757
2019-01-03,-0.0015827367201652898
2019-01-04,0.023957447956719724
2019-01-07,0.006070747429895995
2019-01-08,-0.00216088792849356
2019-01-09,0.010099419234176121
2019-01-10,-0.001880798316053145
2019-01-11,0.007189140459988641
2019-01-14,-0.008724368129560456
2019-01-15,0.019626570353806105
2019-01-16,0.0002109981170022035
2019-01-17,-0.005507167628210019
2019-01-18,0.018239260530560575
2019-01-21,0.0055142242998338364
2019-01-22,-0.013284614708505171
2019-01-23,-0.0007221663718621762
2019-01-24,0.005644609286704183
2019-01-25,0.00813288674741397
2019-01-28,-0.00021667655842139144
2019-01-29,0.0032005980312712623
2019-01-30,-0.007980663562901502
2019-01-31,0.01046242993485702
2019-02-01,0.014295843054944912
2019-02-11,0.018189936564636744
2019-02-12,0.007219179366513506
2019-02-13,0.02002498243422579
2019-02-14,0.001504255187620318
2019-02-15,-0.018647086833581294
2019-02-18,0.03206038278371781
2019-02-19,-0.0017790082826909526
2019-02-20,0.003581801425162512
2019-02-21,-0.0026709695735429584
2019-02-22,0.022485193350586963
2019-02-25,0.059475245162097234
2019-02-26,-0.012009717172367651
2019-02-27,-0.0017097774846723812
2019-02-28,-0.002452159776425211
2019-03-01,0.02189476667656942
2019-03-04,0.01183824882457607
2019-03-05,0.005774755541497756
2019-03-06,0.008406686565287202
2019-03-07,-0.010197266695944451
2019-03-08,-0.03971539966131621
2019-03-11,0.019786306793017072
2019-03-12,0.006809742757945658
2019-03-13,-0.008297495572983427
2019-03-14,-0.0069008294421054606
2019-03-15,0.012578106200096917
2019-03-18,0.028501926563614166
2019-03-19,-0.004618679820860394
2019-03-20,0.00038602385001462736
2019-03-21,0.00037805310472793785
2019-03-22,-0.0008053397413011476
2019-03-25,-0.023728415671135372
2019-03-26,-0.011325654651693662
2019-03-27,0.011606727848579412
2019-03-28,-0.004004391741175506
2019-03-29,0.038606372706790903
2019-04-01,0.026234783102723425
2019-04-02,-0.0006643297692717764
2019-04-03,0.012809439753833196
2019-04-04,0.009962308809196685
2019-04-08,-0.0012308510350210744
2019-04-09,0.004485819142616254
2019-04-10,0.002556785418962093
2019-04-11,-0.021603827844879242
2019-04-12,-0.0022413560203921046
2019-04-15,-0.0032843439585622525
2019-04-16,0.027737251982130173
2019-04-17,0.00035488852828891027
2019-04-18,-0.0037091044323307454
2019-04-19,0.011917742284041077
2019-04-22,-0.023054838968015967
2019-04-23,-0.0016395030815212763
2019-04-24,0.0027568978430014823
2019-04-25,-0.021902736663448774
2019-04-26,-0.013331405289942366
2019-04-29,0.0028437213153116314
2019-04-30,0.0033022846784751536
2019-05-06,-0.05841495856342949
2019-05-07,0.009783912588001042
2019-05-08,-0.014301187689314543
2019-05-09,-0.01847600246492087
2019-05-10,0.03632247131705357
2019-05-13,-0.016544920854052125
2019-05-14,-0.006427292278254115
2019-05-15,0.022479184670041175
2019-05-16,0.004526319461027217
2019-05-17,-0.02542762208997973
2019-05-20,-0.008487815038533797
2019-05-21,0.013541416168435072
2019-05-22,-0.004745307872303095
2019-05-23,-0.01792633269212829
2019-05-24,0.0027762586636019826
2019-05-27,0.012045376762355842
2019-05-28,0.00963928296491856
2019-05-29,-0.002273804142408964
2019-05-30,-0.006203755004899669
2019-05-31,-0.003128106822513188
2019-06-03,0.0006116056300777828
2019-06-04,-0.009234556072257205
2019-06-05,-0.0003779384015989429
2019-06-06,-0.009015570833251219
2019-06-10,0.012921215929620589
2019-06-11,0.030060320045198985
2019-06-12,-0.007576735282098568
2019-06-13,-0.0015469643195803462
2019-06-14,-0.008278635368305531
2019-06-17,-1.6416407652153353e-05
2019-06-18,0.003502224459754455
2019-06-19,0.01317475638152299
2019-06-20,0.030296506402149426
2019-06-21,0.001415690658530755
2019-06-24,0.001911871338623472
2019-06-25,-0.010402809487487619
2019-06-26,-0.0018362090963380817
2019-06-27,0.010671185690227292
2019-06-28,-0.002406892631205748
2019-07-01,0.028811242187480435
2019-07-02,0.00034554513556206423
2019-07-03,-0.011084103556615377
2019-07-04,-0.005247166453064223
2019-07-05,0.005189641372544074
2019-07-08,-0.023222541867871982
2019-07-09,-0.0025402401920691098
2019-07-10,-0.0016846245712649477
2019-07-11,-0.00040140067710081606
2019-07-12,0.006210999624857827
2019-07-15,0.004059095814089586
2019-07-16,-0.004536908469505607
2019-07-17,-0.0005779071355763721
2019-07-18,-0.009525211320913662
2019-07-19,0.010497824010190504
2019-07-22,-0.006901332997195642
2019-07-23,0.0021762814410515308
2019-07-24,0.007894646574721165
2019-07-25,0.008178374430275914
2019-07-26,0.0019475106918336316
2019-07-29,-0.001114402485894339
2019-07-30,0.004164212678406276
2019-07-31,-0.009032844829369058
2019-08-01,-0.008314734470818097
2019-08-02,-0.014731284853043203
2019-08-05,-0.019146403945091817
2019-08-06,-0.01070819356365904
2019-08-07,-0.0040975379022255565
2019-08-08,0.013215773879380777
2019-08-09,-0.009745754628279535
2019-08-12,0.01804581219915602
2019-08-13,-0.00901570652320871
2019-08-14,0.004542044602059869
2019-08-15,0.0031501194872911586
2019-08-16,0.004477531131563017
2019-08-19,0.02170843057883931
2019-08-20,-0.0008862886399442216
2019-08-21,-0.0015761419108528685
2019-08-22,0.0031070189541377857
2019-08-23,0.007209681798649559
2019-08-26,-0.014381579016242707
2019-08-27,0.013553165104849718
2019-08-28,-0.003764786020252653
2019-08-29,-0.0032583140920104947
2019-08-30,0.002480086750267896
2019-09-02,0.012825067967860537
2019-09-03,0.0013746258107425469
2019-09-04,0.008405105861776008
2019-09-05,0.01011837364899626
2019-09-06,0.005907798599859682
2019-09-09,0.006189676612190942
2019-09-10,-0.00344328521627546
2019-09-11,-0.0073675197700585615
2019-09-12,0.010757995979746804
2019-09-16,-0.003690482783622051
2019-09-17,-0.016802603519197934
2019-09-18,0.004846808969937388
2019-09-19,0.0036572141746462616
2019-09-20,0.0028717912128795042
2019-09-23,-0.011431402690787906
2019-09-24,0.002678208838604146
2019-09-25,-0.007715812031541036
2019-09-26,-0.007708642255965792
2019-09-27,0.002996506245541264
2019-09-30,-0.00989448820941341
2019-10-08,0.006068899707171838
2019-10-09,0.0014487919784864633
2019-10-10,0.008170189735744904
2019-10-11,0.009572502219559631
2019-10-14,0.010611673096048158
2019-10-15,-0.004297740587467569
2019-10-16,-0.003444903143855149
2019-10-17,0.0006449655720941472
2019-10-18,-0.014225954214031056
2019-10-21,0.0029617147966860546
2019-10-22,0.0038754496449224796
2019-10-23,-0.00636569914884455
2019-10-24,-0.00010591359517264642
2019-10-25,0.0067481857146176605
2019-10-28,0.0076473199736188935
2019-10-29,-0.004166465049825985
2019-10-30,-0.004859049211938915
2019-10-31,-0.0011513069132380593
2019-11-01,0.016888145622948825
2019-11-04,0.006509985097625126
2019-11-05,0.006206449277547321
2019-11-06,-0.0044793532543390135
2019-11-07,0.0017541306137205392
2019-11-08,-0.00472460275510056
2019-11-11,-0.017626434365883292
2019-11-12,0.0001819122824100461
2019-11-13,-0.000950382842900166
2019-11-14,0.0015077000394880802
2019-11-15,-0.007365855407003741
2019-11-18,0.007954419422814274
2019-11-19,0.010007855821367428
2019-11-20,-0.009926425878632794
2019-11-21,-0.00467263412711838
2019-11-22,-0.010183566433567104
2019-11-25,0.00732988916854449
2019-11-26,0.0034655163077799145
2019-11-27,-0.004119075456425647
2019-11-28,-0.003436869455725189
2019-11-29,-0.008707246977190386
2019-12-02,0.0019301741858153143
2019-12-03,0.0039180826160163384
2019-12-04,-0.0003297767644999672
2019-12-05,0.00767308601441008
2019-12-06,0.0059365462344305175
2019-12-09,-0.0017783973411154008
2019-12-10,0.0012655790730207173
2019-12-11,0.0006076331024160719
2019-12-12,-0.0030055729934020947
2019-12-13,0.019840555946769367
2019-12-16,0.004871201697485228
2019-12-17,0.013604845080313233
2019-12-18,-0.002231678954921046
2019-12-19,-0.00139605929408404
2019-12-20,-0.0024583141924203744
2019-12-23,-0.012483664198145172
2019-12-24,0.006518615613421375
2019-12-25,-0.0005234212213507394
2019-12-26,0.008800086196745216
2019-12-27,-0.0009836090005196363
2019-12-30,0.014818387729578664
2019-12-31,0.0036627523807888362
2020-01-02,0.013586943255105677
2020-01-03,-0.0017532705238609836
2020-01-06,-0.0037780822975382877
2020-01-07,0.0074903736710825175
2020-01-08,-0.011516190210636545
2020-01-09,0.012657088942494177
2020-01-10,-0.0002857575095385201
2020-01-13,0.009802602818038242
2020-01-14,-0.0033539565983758957
2020-01-15,-0.00552759141648107
2020-01-16,-0.004245535467860662
2020-01-17,0.00140032393035594
2020-01-20,0.007456346197815877
2020-01-21,-0.01708621707044866
2020-01-22,0.004282613609573049
2020-01-23,-0.030985520083835816
2020-02-03,-0.07880816204200902
2020-02-04,0.026374865794010827
2020-02-05,0.011329656280049338
2020-02-06,0.018610276006717497
2020-02-07,2.307822492486622e-05
2020-02-10,0.00413859949177775
2020-02-11,0.009307943544578201
2020-02-12,0.008088633408054768
2020-02-13,-0.006151444497707104
2020-02-14,0.007022869148870736
2020-02-17,0.022491492653714973
2020-02-18,-0.004882989733703602
2020-02-19,-0.0015280307380630687
2020-02-20,0.023041929647446446
2020-02-21,0.0011653549386452244
2020-02-24,-0.0040125413002568555
2020-02-25,-0.00217525962776155
2020-02-26,-0.012325860542940048
2020-02-27,0.0029118442826205904
2020-02-28,-0.035455141889112474
2020-03-02,0.032898059669292934
2020-03-03,0.0053296704646810245
2020-03-04,0.005790250674592601
2020-03-05,0.022279194663492152
2020-03-06,-0.01621687153679985
2020-03-09,-0.03416205349268153
2020-03-10,0.02141536552476353
2020-03-11,-0.013299924315347433
2020-03-12,-0.019243228751647523
2020-03-13,-0.014072707300344267
2020-03-16,-0.04299272715136826
2020-03-17,-0.004871453710459939
2020-03-18,-0.01979146449289393
2020-03-19,-0.012972119705411456
2020-03-20,0.017868038973667177
2020-03-23,-0.03364429188496798
2020-03-24,0.026853165869286544
2020-03-25,0.02687090874483755
2020-03-26,-0.00657350397042844
2020-03-27,0.003247657549248606
2020-03-30,-0.00968987024468515
2020-03-31,0.003279705833520996
2020-04-01,-0.003005838053693144
2020-04-02,0.016176518606397128
2020-04-03,-0.005706206671253433
2020-04-07,0.022837321785404763
2020-04-08,-0.004655057108705285
2020-04-09,0.003298645095414665
2020-04-10,-0.006230209264371234
2020-04-13,-0.004223730360447986
2020-04-14,0.01930055471776515
2020-04-15,-0.007407794651960176
2020-04-16,0.0013219710535745666
2020-04-17,0.009759676833983377
2020-04-20,0.0036385040721558237
2020-04-21,-0.011784214705745533
2020-04-22,0.00822730793975901
2020-04-23,-0.0025082174726124284
2020-04-24,-0.008559305437692788
2020-04-27,0.006794891716290108
2020-04-28,0.006900755211534548
2020-04-29,0.004645181403686305
2020-04-30,0.011779065587804283
2020-05-06,0.006049716555315943
2020-05-07,-0.0028859955541444826
2020-05-08,0.009867792473164716
2020-05-11,-0.0008678934913033398
2020-05-12,1.5150826478294022e-05
2020-05-13,0.00202260469062443
2020-05-14,-0.010843570843571015
2020-05-15,-0.0031590586005376675
2020-05-18,0.0025787028281396562
2020-05-19,0.008498792987859272
2020-05-20,-0.005315639810427375
2020-05-21,-0.005445692998104601
2020-05-22,-0.022926626109218917
2020-05-25,0.0013755014304177582
2020-05-26,0.01134666207055024
2020-05-27,-0.007013068165679925
2020-05-28,0.0028656051965745277
2020-05-29,0.002694061914157997
2020-06-01,0.02697684521931687
2020-06-02,0.00307956508382512
2020-06-03,2.008248882234831e-05
2020-06-04,-0.0003664980608236723
2020-06-05,0.004786311049951086
2020-06-08,0.0051733833177132205
2020-06-09,0.006235781150933928
2020-06-10,-0.001808733812203478
2020-06-11,-0.010849788722456566
2020-06-12,0.0018018559115886568
2020-06-15,-0.012013249797656611
2020-06-16,0.015064513437455851
2020-06-17,0.0007522598933382696
2020-06-18,0.006668176692992134
2020-06-19,0.013433455807813077
2020-06-22,0.00081489053872974
2020-06-23,0.004812228032325949
2020-06-24,0.004172944279063007
2020-06-29,-0.007071773548620208
2020-06-30,0.013197979424389494
2020-07-01,0.02012987636768937
2020-07-02,0.02073082880940169
2020-07-03,0.019318056016827345
2020-07-06,0.05667707484840201
2020-07-07,0.006004166943250011
2020-07-08,0.016148978423328852
2020-07-09,0.013986175115208388
2020-07-10,-0.018104557745978522
2020-07-13,0.021003002232212298
2020-07-14,-0.00953438726055822
2020-07-15,-0.012944458660742009
2020-07-16,-0.04810231701327983
2020-07-17,0.006299474121228332
2020-07-20,0.029836952934187977
2020-07-21,0.0022947246971338764
2020-07-22,0.004990364609980702
2020-07-23,-0.00042634877875546984
2020-07-24,-0.043894458072675224
2020-07-27,0.005073697340414185
2020-07-28,0.008791087458181135
2020-07-29,0.024243366183186454
2020-07-30,-0.0048856488872655035
2020-07-31,0.008354541842510166
2020-08-03,0.016242638523552344
2020-08-04,0.0009410413492310088
2020-08-05,0.00027429959378455493
2020-08-06,-0.003003908220660878
2020-08-07,-0.011512232403060763
2020-08-10,0.0035981843400405555
2020-08-11,-0.009119827635471034
2020-08-12,-0.007292098304490846
2020-08-13,-0.0025668941656410427
2020-08-14,0.014867194022059271
2020-08-17,0.02350875626776272
2020-08-18,-0.0005129557674308227
2020-08-19,-0.014976853198580109
2020-08-20,-0.012979150670367035
2020-08-21,0.008482309821227219
2020-08-24,0.00784302921904656
2020-08-25,0.0012826308651441298
2020-08-26,-0.011722088640157335
2020-08-27,0.005358967984310015
2020-08-28,0.02386633836008678
2020-08-31,-0.0057903461202605255
2020-09-01,0.005377661319457383
2020-09-02,0.0003655423657402679
2020-09-03,-0.005530678855217963
2020-09-04,-0.009731996429386935
2020-09-07,-0.021141582568517725
2020-09-08,0.005358324570551298
2020-09-09,-0.023389620376661813
2020-09-10,-0.0005692984541694202
2020-09-11,0.009886555593870527
2020-09-14,0.00513692709323843
2020-09-15,0.008047645155393468
2020-09-16,-0.006637545643789378
2020-09-17,-0.005292698009172536
2020-09-18,0.022531088714812242
2020-09-21,-0.009638828901286978
2020-09-22,-0.011866317945701033
2020-09-23,0.003574386939789065
2020-09-24,-0.019186085251905904
2020-09-25,0.0015230973883806342
2020-09-28,0.002601739160879468
2020-09-29,0.002158488490607402
2020-09-30,-0.0009582298880609352
2020-10-09,0.020434232898809634
2020-10-12,0.030338763634498278
2020-10-13,0.0033256205475256095
2020-10-14,-0.006633327822780921
2020-10-15,-0.0017390942564120548
2020-10-16,-0.0014712195284590779
2020-10-19,-0.007552674636037038
2020-10-20,0.007986558693216628
2020-10-21,-0.00013351496932378915
2020-10-22,-0.0030983782024400774
2020-10-23,-0.01245086835859488
2020-10-26,-0.005775152644171722
2020-10-27,0.0017138325901047136
2020-10-28,0.008084217156670848
2020-10-29,0.00752543131381489
2020-10-30,-0.016256295936240228
2020-11-02,0.005430928177573069
2020-11-03,0.012016954645686306
2020-11-04,0.007556158373731137
2020-11-05,0.014843175463160163
2020-11-06,0.00012486924552490564
2020-11-09,0.019573368920036138
2020-11-10,-0.0055145693436520205
2020-11-11,-0.009887199528449964
2020-11-12,0.0007258048074365586
2020-11-13,-0.010514499456040771
2020-11-16,0.009742940383169252
2020-11-17,-0.0019126580032912122
2020-11-18,-0.00063741243240234
2020-11-19,0.007424867172151517
2020-11-20,0.00310471409235924
2020-11-23,0.012489657697606127
2020-11-24,-0.0061418213277448785
2020-11-25,-0.012783733960022636
2020-11-26,0.0018103325391503056
2020-11-27,0.012435995682565926
2020-11-30,-0.0041198449235752
2020-12-01,0.02154125296104059
2020-12-02,7.894061691215981e-06
2020-12-03,-0.0019892878428462435
2020-12-04,0.0017520061063143189
2020-12-07,-0.008622323289747214
2020-12-08,-0.0024610532352096204
2020-12-09,-0.013409502822422814
2020-12-10,-0.0004410544843916897
2020-12-11,-0.010300535166338776
2020-12-14,0.009246098375540912
2020-12-15,0.0020790947629509837
2020-12-16,0.0017734727305815934
2020-12-17,0.012840466140613849
2020-12-18,-0.003489799660386872
2020-12-21,0.009374056244337181
2020-12-22,-0.016261660761981322
2020-12-23,0.008530103106487275
2020-12-24,-0.0014179807953461632
2020-12-25,0.008397966408134394
2020-12-28,0.004442672664274561
2020-12-29,-0.004239388201192074
2020-12-30,0.014033480469725523
2020-12-31,0.019082036329788332
2021-01-04,0.010828412926549458
2021-01-05,0.01913161671463115
2021-01-06,0.009158982956133599
2021-01-07,0.01771794885993394
2021-01-08,-0.003306333723878674
2021-01-11,-0.009875478352012967
2021-01-12,0.02852149174073304
2021-01-13,-0.0032842835062149023
2021-01-14,-0.019274036970437947
2021-01-15,-0.0022630638008501736
2021-01-18,0.011073491044469863
2021-01-19,-0.014677848408631289
2021-01-20,0.0071558357486496416
2021-01-21,0.016167466762105898
2021-01-22,0.0008643352974044838
2021-01-25,0.010079392722872393
2021-01-26,-0.020076716341504208
2021-01-27,0.0027262981659617047
2021-01-28,-0.027290159189580443
2021-01-29,-0.004682786760249025
2021-02-01,0.012274008026966321
2021-02-02,0.015401511725563033
2021-02-03,-0.002888518457250022
2021-02-04,-0.002050973528768485
2021-02-05,0.0017281853140773684
2021-02-08,0.014799185178566487
2021-02-09,0.021868755121698946
2021-02-10,0.021362057595074813
2021-02-18,-0.006773742535795657
2021-02-19,0.001813334072996886
2021-02-22,-0.0314094178070341
2021-02-23,-0.0031550757236035176
2021-02-24,-0.025467455960657803
2021-02-25,0.00588314265379597
2021-02-26,-0.024279832381398192
2021-03-01,0.015368875497494106
2021-03-02,-0.012761175024636806
2021-03-03,0.019175157908116303
2021-03-04,-0.031455134706843246
2021-03-05,-0.0033915893885481108
2021-03-08,-0.034730561678193994
2021-03-09,-0.021460545430923128
2021-03-10,0.006560048280023212
2021-03-11,0.02490401929806696
2021-03-12,0.003541189730550176
2021-03-15,-0.021537469055919467
2021-03-16,0.0087021451522582
2021-03-17,0.00423281673281628
2021-03-18,0.008020216198837193
2021-03-19,-0.026193314753480634
2021-03-22,0.009997823086864033
2021-03-23,-0.009471738034269483
2021-03-24,-0.016082247841493258
2021-03-25,-0.0004747711866629478
2021-03-26,0.02266180843829524
2021-03-29,0.001764592625234096
2021-03-30,0.00948110515803835
2021-03-31,-0.00910156180994881
2021-04-01,0.01236441141281408
2021-04-02,0.00993586106230504
2021-04-06,-0.00411116019188118
2021-04-07,-0.007120151585303769
2021-04-08,0.0016595672977079978
2021-04-09,-0.015036549750499173
2021-04-12,-0.017395051774061643
2021-04-13,-0.0016391288969735962
2021-04-14,0.008298175575548683
2021-04-15,-0.006356625567448759
2021-04-16,0.003477491275962752
2021-04-19,0.024332585609060153
2021-04-20,-0.0007175124139487954
2021-04-21,0.0030235847479143096
2021-04-22,-0.0018632054193776781
2021-04-23,0.00907994120929545
2021-04-26,-0.01133493656836293
2021-04-27,0.002615594299264723
2021-04-28,0.005641859770710633
2021-04-29,0.008776693415429637
2021-04-30,-0.007877354928284452
2021-05-06,-0.012173342780019913
2021-05-07,-0.012856838012139549
2021-05-10,-0.0007265739934539939
2021-05-11,0.006137304153094991
2021-05-12,0.004278268625102166
2021-05-13,-0.010224896175081044
2021-05-14,0.023557121312566265
2021-05-17,0.014558006022787007
2021-05-18,0.0005033760913717433
2021-05-19,-0.002955123756650524
2021-05-20,0.0027338093332331947
2021-05-21,-0.010076334111648988
2021-05-24,0.0041759590195071805
2021-05-25,0.03159483201728541
2021-05-26,0.00039672989275207904
2021-05-27,0.0033154217859294732
2021-05-28,-0.003210802082339148
2021-05-31,0.0019695212822945507
2021-06-01,0.0018962519482992324
2021-06-02,-0.009680475056535465
2021-06-03,-0.006555802773929642
2021-06-04,0.005135777473745939
2021-06-07,-0.0008803016879073144
2021-06-08,-0.008623188817708405
2021-06-09,0.0008275804071777859
2021-06-10,0.00668773692100455
2021-06-11,-0.008872287995568495
2021-06-15,-0.011127911650429145
2021-06-16,-0.016659053606268626
2021-06-17,0.004212192131075154
2021-06-18,0.00011368336047934413
2021-06-21,-0.002367480847511594
2021-06-22,0.006241172090940106
2021-06-23,0.0049256563637223305
2021-06-24,0.0016668641777681792
2021-06-25,0.016291793784680264
2021-06-28,0.002250012881753305
2021-06-29,-0.011657044495559488
2021-06-30,0.006454049097011083
2021-07-01,0.0010757957442883992
2021-07-02,-0.02840337612770094
2021-07-05,0.0009190887048509122
2021-07-06,-0.0005289247098275718
2021-07-07,0.01129035431134473
2021-07-08,-0.010160509990292277
2021-07-09,-0.0036987103646438646
2021-07-12,0.012480668476203327
2021-07-13,0.00182944292586118
2021-07-14,-0.011477800898465729
2021-07-15,0.013452473697049827
2021-07-16,-0.011004647226223185
2021-07-19,0.003674356251606392
2021-07-20,-0.0008800251882750132
2021-07-21,0.006860455784801767
2021-07-22,0.0014988219376212975
2021-07-23,-0.012135682049788765
2021-07-26,-0.03221115964497545
2021-07-27,-0.035325766958359095
2021-07-28,0.0019299940437493834
2021-07-29,0.018861543373776657
2021-07-30,-0.008061406890751077
2021-08-02,0.025476131585457695
2021-08-03,0.00014593391625838947
2021-08-04,0.008995918499694167
2021-08-05,-0.006061640740332108
2021-08-06,-0.005478239607813795
2021-08-09,0.013004006859612671
2021-08-10,0.011551360328629912
2021-08-11,-0.005514410636209277
2021-08-12,-0.008372313741442206
2021-08-13,-0.005503332763630686
2021-08-16,-0.0009927254052776169
2021-08-17,-0.02098128543007982
2021-08-18,0.011750113697441833
2021-08-19,-0.006558730262512968
2021-08-20,-0.019100642926776157
2021-08-23,0.01396649801751515
2021-08-24,0.010858416668734217
2021-08-25,0.001998613040286701
2021-08-26,-0.019711483495844728
2021-08-27,0.0052961402529574375
2021-08-30,-0.0028526799032113637
2021-08-31,-0.0015914336822996367
2021-09-01,0.01328655467255957
2021-09-02,-1.0268079007391684e-05
2021-09-03,-0.005411333200530333
2021-09-06,0.018721634668990017
2021-09-07,0.011978766572146471
2021-09-08,-0.004145945285538355
2021-09-09,-0.00042637662329791937
2021-09-10,0.008754509548270617
2021-09-13,-0.004360209992181563
2021-09-14,-0.014924894724401616
2021-09-15,-0.010135932123420344
2021-09-16,-0.012249040539763056
2021-09-17,0.010033903945753764
2021-09-22,-0.007036742628614867
2021-09-23,0.006518353218838424
2021-09-24,-0.0007768070551390505
2021-09-27,0.005761501867228791
2021-09-28,0.001324484301991502
2021-09-29,-0.010217390859222797
2021-09-30,0.006712964399567367
2021-10-08,0.013061043321729082
2021-10-11,0.0012677639078779723
2021-10-12,-0.010605345418228218
2021-10-13,0.01152167147162908
2021-10-14,-0.005364253022706822
2021-10-15,0.003765052578451167
2021-10-18,-0.011623828341217779
2021-10-19,0.009834289957701081
2021-10-20,-0.0025473721844831987
2021-10-21,0.003633268026834724
2021-10-22,0.006434632976326737
2021-10-25,0.003990136559853141
2021-10-26,-0.0032975065869799147
2021-10-27,-0.013084564082931904
2021-10-28,-0.006945465235926429
2021-10-29,0.009175311565868816
2021-11-01,-0.003683203735355911
2021-11-02,-0.010395261200362604
2021-11-03,-0.0038720208270922596
2021-11-04,0.009879467591488833
2021-11-05,-0.00542029354617346
2021-11-08,0.0012039608867595586
2021-11-09,-0.00029701867504916546
2021-11-10,-0.0052715846115120035
2021-11-11,0.01606657277560064
2021-11-12,-0.0020985373521282824
2021-11-15,-0.0012253573276979068
2021-11-16,0.00019252905345346072
2021-11-17,0.0004976122801696459
2021-11-18,-0.00985109757969549
2021-11-19,0.010840041177273774
2021-11-22,0.004568451102849425
2021-11-23,0.0001933881605720167
2021-11-24,0.0006736747840077051
2021-11-25,-0.004112547949216783
2021-11-26,-0.007415591736036675
2021-11-29,-0.0017921331322420242
2021-11-30,-0.003996767956597758
2021-12-01,0.0024461768656236504
2021-12-02,0.002541366887909513
2021-12-03,0.009237751639154856
2021-12-06,-0.001713928937242426
2021-12-07,0.006025401523111595
2021-12-08,0.014999695252026823
2021-12-09,0.016565484304222444
2021-12-10,-0.004640960562665275
2021-12-13,0.005673455823008933
2021-12-14,-0.006707580943389191
2021-12-15,-0.008673782600947866
2021-12-16,0.005759204139116347
2021-12-17,-0.015883672014188388
2021-12-20,-0.015003753965883604
2021-12-21,0.00677605615910104
2021-12-22,0.00019538047294154204
2021-12-23,0.0069773830235326795
2021-12-24,-0.005536762893179947
2021-12-27,-0.00041045731447064693
2021-12-28,0.007448183895335081
2021-12-29,-0.014624815373813882
2021-12-30,0.007787479420414245
2021-12-31,0.003832157203785158
